,PageUrl,Score,Describe
0,https://www.facebook.com/hhsb.vn,5200000.0,
1,https://www.facebook.com/bmsb.vnn,2100000.0,B√≠ M·∫≠t Showbiz - Trang tin t·ª©c gi·∫£i tr√≠ c·∫≠p nh·∫≠t tin nhanh v√† chu·∫©n. Zalo: 0934191930
2,https://www.facebook.com/theanh28.page,1000000.0,Official KENH28.VN- Trang tin t·ª©c gi·∫£i tr√≠ d√†nh ri√™ng cho gi·ªõi tr·∫ª. LI√äN H·ªÜ QU·∫¢NG C√ÅO - H·ª¢P T√ÅC. B·∫°n 
3,https://www.facebook.com/TrollCaShowbiz,597000.0,"Troll c·∫£ showbiz, kh√¥ng ch·ª´a m·ªôt ai!"
5,https://www.facebook.com/chimlonshowbiz,477000.0,"M·∫•y con m·ª• s√¢n si, h√≥ng h·ªõt v·ªÅ Showbiz"
6,https://www.facebook.com/vutrushowbiz,458000.0,"V≈© Tr·ª• Showbiz , n∆°i c·∫≠p nh·∫≠t tin t·ª©c gi·ªõi tr·∫ª Li√™n h·ªá qu·∫£ng c√°o : namnganduong@gmail.com"
7,https://www.facebook.com/thegioishowbiztv,280000.0,T·ªïng h·ª£p video gi·∫£i tr√≠ Showbiz Vi·ªát
8,https://www.facebook.com/hhsbvideo,2700000.0,Trang con c·ªßa H√≥ng H·ªõt Showbiz
10,https://www.facebook.com/batmishowbiz,538000.0,Trang fanpage gi·∫£i tr√≠ showbiz
11,https://www.facebook.com/tgsbvn,312000.0,
12,https://www.facebook.com/GocKhuatShowBizFB,553000.0,B·∫≠t m√≠ nh·ªØng g√≥c khu·∫•t c·ªßa Showbiz!
14,https://www.facebook.com/vnshowbiz,153000.0,"Fanpage cung c·∫•p th√¥ng tin gi·∫£i tr√≠, truy·ªÅn th√¥ng cho gi·ªõi ngh·ªá sƒ©, showbiz Vi·ªát, nh·ªØng clip vui v·∫ª, "
16,https://www.facebook.com/toancanhshowbiz,427000.0,"T·ªïng h·ª£p nh·ªØng tin t·ª©c v·ªÅ gi·∫£i tr√≠, th√¥ng tin nhanh v√† ch√≠nh x√°c nh·∫•t."
17,https://www.facebook.com/SBcogivui,112000.0,Showbiz C√≥ G√¨ Vui - K√™nh gi·∫£i tr√≠ tin t·ª©c showbiz
18,https://www.facebook.com/TheGioiShowbiz.DAN,266000.0,ƒê∆°n gi·∫£n v√¨ t√¥i y√™u √¢m nh·∫°c v√† t√¥i th√≠ch h√°t.
0,https://www.facebook.com/thethao247.vn/,1400000.0,"Thethao247.vn - Tin th·ªÉ thao 247, b√≥ng ƒë√°, video b√†n th·∫Øng c·∫≠p nh·∫≠t 24/7"
1,https://www.facebook.com/langthethaoofficial,148000.0,L√†ng th·ªÉ thao - ng√¥i l√†ng c·ªßa t√≠n ƒë·ªì m√™ th·ªÉ thao Like v√† share ngay ƒë·ªÉ m·ªçi ng∆∞?
2,https://www.facebook.com/tinthethaovn,269000.0,"C·∫≠p nh·∫≠t tin t·ª©c th·ªÉ thao nhanh nh·∫•t, h√¨nh ·∫£nh th·ªÉ thao ·∫•n t∆∞·ª£ng."
3,https://www.facebook.com/www.kenhthethao.vn,5500000.0,Kenhthethao.vn - K√™nh th√¥ng tin th·ªÉ thao-gi·∫£i tr√≠ h√†ng ƒë·∫ßu thu·ªôc b·∫£n quy·ªÅn c·ªßa Eyeplus Media
4,https://www.facebook.com/yeuthethaovn.fanpage,721000.0,N∆°i th·ªÉ hi·ªán t√¨nh y√™u b√≥ng ƒë√° c·ªßa ng∆∞·ªùi h√¢m m·ªô 
5,https://www.facebook.com/pagethethao24h,459000.0,
6,https://www.facebook.com/phuongthengoc88,402000.0,
7,https://www.facebook.com/vnesportstv,1200000.0,Vietnam eSportsTV Channel - K√™nh truy·ªÅn h√¨nh Th·ªÉ thao ƒêi·ªán t·ª≠ h√†ng ƒë·∫ßu Vi·ªát Nam https://lienminh.gar
8,https://www.facebook.com/CuongTheThaoOfficial,429000.0,K√™nh thu·ªôc h·ªá sinh th√°i Next Media Cu·ªìng Th·ªÉ Thao - C·∫≠p nh·∫≠t nh·ªØng tin t·ª©c th·ªÉ thao m·ªõi nh·∫•t ƒë·∫øn ƒë·ªôc
9,https://www.facebook.com/GhienTheThaoOfficialVN,169000.0,Official fanpage of Next Media JSC Ghi·ªÅn Th·ªÉ Thao mang ƒë·∫øn nh·ªØng ph√∫t gi√¢y ch√¢n th·ª±c nh·∫•t c·ªßa th·ªÉ th
10,https://www.facebook.com/banthethaovtv,296000.0,Fanpage ch√≠nh th·ª©c c·ªßa Ban Th·ªÉ thao - ƒê√†i Truy·ªÅn h√¨nh Vi·ªát Nam 
11,https://www.facebook.com/DecathlonVN,311000.0,"Official Page c·ªßa Decathlon - Th∆∞∆°ng hi·ªáu qu·∫ßn √°o, gi√†y d√©p, d·ª•ng c·ª• th·ªÉ thao l·ªõn nh·∫•t ch√¢u √Çu t·∫°i VN"
12,https://www.facebook.com/PresentWriter,552000.0,"Blog, YouTube, Podcast v·ªÅ b√†i h·ªçc cu·ªôc s·ªëng v√† ph√°t tri·ªÉn b·∫£n th√¢n. T√°c gi·∫£: Chi Nguy·ªÖn, PhD"
13,https://www.facebook.com/xshop02,177000.0,"S·ªâ, l·∫ª Gi√†y Th·ªÉ Thao To√†n Qu·ªëc Tuy·ªÉn C·ªông T√°c Vi√™n b√°n h√†ng chi·∫øt kh·∫•u cao, kh√¥ng c·∫ßn b·ªè v·ªën Zalo: 09"
14,https://www.facebook.com/shopvans,302000.0,"S·ªâ, l·∫ª Gi√†y Th·ªÉ Thao To√†n Qu·ªëc Tuy·ªÉn C·ªông T√°c Vi√™n b√°n h√†ng chi·∫øt kh·∫•u cao, kh√¥ng c·∫ßn b·ªè v·ªën"
15,https://www.facebook.com/SieuTheThao,170000.0,"T·∫°p ch√≠ th·ªÉ thao t·ªïng h·ª£p. Th√¥ng tin v·ªÅ c√°c m√¥n th·ªÉ thao: B√≥ng ƒê√°, Tennis, B√≥ng "
16,https://www.facebook.com/Nhi.Daphale,192000.0,1st Runner Up Miss Universe Vietnam 2022 ‚úâ: contact.thaonhile@gmail.com
17,https://www.facebook.com/phuongthaogaytv,681000.0,"T√†i tr·ª£, qu·∫£ng c√°o li√™n h·ªá: gaymedia88@gmail.com"
18,https://www.facebook.com/luong.thaoanhh,481000.0,Xin ch√†o m·ªçi ng∆∞·ªùi m√¨nh l√† Th·∫£o Anh ƒê√¢y l√† k√™nh ch√≠nh th·ª©c c·ªßa m√¨nh 
19,https://www.facebook.com/fanthethao,687000.0,N∆°i h·ªôi t·ª• c·ªßa nh·ªØng fan h√¢m m·ªô th·ªÉ thao C·∫≠p nh·∫≠t th√¥ng tin b√™n l·ªÅ - Cu·ªìng nhi·ªát c√πng nh·ªØng tr·∫≠n c·∫ßu 
20,https://www.facebook.com/The1970store,421000.0,"N∆°i nh·ªØng g√£ ƒë√†n √¥ng ƒëam m√™ phong c√°ch th·ªùi trang c·ªï ƒëi·ªÉn, b·ª•i b·∫∑m t√¨m ƒë·∫øn."
21,https://www.facebook.com/CiiNBuiThaoLy,503000.0,B√πi Th·∫£o Ly (CiiN) OFFICIAL FANPAGE Contact: duytuongle@gmail.com - 0934026053 ( Zalo )
22,https://www.facebook.com/thanhnien,2200000.0,"Fanpage B√°o Thanh Ni√™n. Tin t·ª©c online, tin nhanh 24h. ƒê·ªçc b√°o tin n√≥ng Vi·ªát Nam, th·∫ø gi·ªõi, tin th·ªùi "
23,https://www.facebook.com/webthethao24h,182000.0,Webthethao.vn - Th·ªÉ thao v√¨ m·ªôt cu·ªôc s·ªëng t·ªët ƒë·∫πp h∆°n
24,https://www.facebook.com/Webthethao,355000.0,Webthethao.vn - Th·ªÉ thao v√¨ m·ªôt cu·ªôc s·ªëng t·ªët ƒë·∫πp h∆°n
25,https://www.facebook.com/SBTCEsportLol,211000.0,Fanpage ch√≠nh th·ª©c c·ªßa ƒë·ªôi tuy·ªÉn th·ªÉ thao ƒëi·ªán t·ª≠ chuy√™n nghi·ªáp b√¥Ã£ m√¥n Li√™n Minh Huy·ªÅn Tho·∫°i
26,https://www.facebook.com/thaoxinhshopp,1500000.0,Chuy√™n b√°n l·∫ª qu·∫ßn √°o ƒë·∫πp ÔøΩ 
27,https://www.facebook.com/TheWeirdShopUnisex,261000.0,T·ª± tin mang t·ªõi cho b·∫°n nh·ªØng trang ph·ª•c t·ªët nh·∫•t
28,https://www.facebook.com/NguyenThucThuyTien,1500000.0,Miss Grand International 2021 Contact: Talents@senvangvn.com Ms. Vi·ªát M·ªπ +84 97 4282121
29,https://www.facebook.com/Theanh28Sport,1000000.0,N∆°i d√†nh cho nh·ªØng t√≠n ƒë·ªì Th·ªÉ Thao ZALO: 0983.663.092
30,https://www.facebook.com/idpvietnam/,2000000.0,Get more information about the courses and institutions you are looking for at our website. Be better placed with IDP! 
0,https://www.facebook.com/vietnamesefootball,1300000.0,Fanpage ch√≠nh th·ª©c c·ªßa Li√™n ƒëo√†n B√≥ng ƒë√° Vi·ªát Nam (VFF)
1,https://www.facebook.com/fbbongda24h,1100000.0,Tin t·ª©c video b√≥ng ƒë√° 24h c·∫≠p nh·∫≠p nhanh ch·∫•t l∆∞·ª£ng 24h/07
2,https://www.facebook.com/trollbongda,3600000.0,"Troll B√≥ng ƒë√° do MCV Network tr·ª±c thu·ªôc MCV Group b·∫£o v·ªá b·∫£n quy·ªÅn, qu·∫£n l√Ω, v·∫≠n h√†nh v√† khai th√°c n"
3,https://www.facebook.com/ghienbongdaofficial,3000000.0,"Qu·∫£ng c√°o, h·ª£p t√°c vui l√≤ng li√™n h·ªá: hotro.gbd@gmail.com C·∫ßn B√ìNG ƒê√Å v√†o ch√∫ng t√¥i"
4,https://www.facebook.com/tapchibongda,624000.0,C·ªông ƒë·ªìng h√¢m m·ªô b√≥ng ƒë√° h√†ng ƒë·∫ßu Vi·ªát Nam! LHQC - telegram: @khaldrogo79
5,https://www.facebook.com/haglfc.clb,632000.0,Fanpage ch√≠nh th·ª©c c·ªßa CLB B√≥ng ƒê√° Ho√†ng Anh Gia Lai ƒê√¢y l√† k√™nh th√¥ng tin ch√≠nh th·ª©c
6,https://www.facebook.com/bongda365.tv,530000.0,"Mang tin t·ª©c b√≥ng ƒë√° m·ªõi nh·∫•t, ch√≠nh x√°c nh·∫•t ƒë·∫øn v·ªõi b·∫°n ƒë·ªçc! "
7,https://www.facebook.com/bongda6666,1400000.0,Fan Page d√†nh cho nh·ªØng ng∆∞·ªùi y√™u b√≥ng ƒë√° - c√πng chia s·∫ª ƒëam m√™! M·ªçi th√¥ng tin xin li√™n h·ªá: bongdafb1
8,https://www.facebook.com/bongdacuoibebung,113000.0,N∆°i mang l·∫°i ti·∫øng c∆∞·ªùi gi·∫£i tr√≠ cho c√°c anh em ƒëam m√™ b√≥ng ƒë√° =)))
9,https://www.facebook.com/ghienbongdaTV,1500000.0,"Qu·∫£ng c√°o, h·ª£p t√°c vui l√≤ng li√™n h·ªá: hotro.gbd@gmail.com"
10,https://www.facebook.com/BongDaS2,443000.0,Ch√°y ƒëam m√™ c√πng B√≥ng ƒê√°
11,https://www.facebook.com/bongdavl,106000.0,"Tham gia h·ªôi ch√©m gi√≥ tr√™n facebook ƒë·ªÉ chia s·∫Ω nh·ªØng c√¢u chuy·ªán, h√¨nh ·∫£nh th√∫ v·ªã t·ªõi m·ªçi ng∆∞·ªùi"
12,https://www.facebook.com/bongdaplus.fanpage,502000.0,Tin t·ª©c th·ªÉ thao c·∫≠p nh·∫≠t h√†ng ng√†y
13,https://www.facebook.com/baobongda.official,224000.0,Li√™n h·ªá qu·∫£ng c√°o: Telegram: https://t.me/adsfutbol
14,https://www.facebook.com/BLVBongDa.page,145000.0,"PUBG, GTA V, LOL, CSGO Streamer"
15,https://www.facebook.com/BHMedia.Cuongbongda,299000.0,Fanpage th·ªÉ thao thu·ªôc quy·ªÅn s·ªü h·ªØu c·ªßa BH Media - Hotline : 0916880116 -Email: contact.facebook@
16,https://www.facebook.com/goalvietnam,375000.0,"GOAL l√† trang tin ƒëi·ªán t·ª≠ v·ªÅ b√≥ng ƒë√° l·ªõn nh·∫•t th·∫ø gi·ªõi, c·∫≠p nh·∫≠t li√™n t·ª•c, ƒëa chi·ªÅu v·ªÅ m·ªçi gi·∫£i ƒë·∫•u, "
17,https://www.facebook.com/bongda24h.fanvietnam,224000.0,"H·ª£p t√°c, qu·∫£ng c√°o xin li√™n h·ªá telegram: @bongda20 "
18,https://www.facebook.com/FPTBongDaOfficial,304000.0,"Fanpage do FPT Play tr·ª±c thu·ªôc FPT Telecom b·∫£o v·ªá b·∫£n quy·ªÅn, qu·∫£n l√Ω, v·∫≠n h√†nh v√† khai th√°c n·ªôi dung."
19,https://www.facebook.com/congdongbongro,221000.0,Trang th√¥ng tin & gi·∫£i tr√≠ d√†nh cho C·ªông ƒë·ªìng y√™u B√≥ng r·ªï.
20,https://www.facebook.com/FunnyBongDa,169000.0,Li√™n h·ªá qu·∫£ng c√°o: Telegram: https://t.me/adsfutbol
21,https://www.facebook.com/YeuBongDa.HN,226000.0,Li√™n h·ªá qu·∫£ng c√°o: Telegram: https://t.me/adsfutbol
22,https://www.facebook.com/bongdasinhvien,256000.0,"C·ªông ƒë·ªìng h·ªçc sinh, sinh vi√™n y√™u b√≥ng ƒë√° "
23,https://www.facebook.com/yeuthethaovn.fanpage,721000.0,N∆°i th·ªÉ hi·ªán t√¨nh y√™u b√≥ng ƒë√° c·ªßa ng∆∞·ªùi h√¢m m·ªô 
24,https://www.facebook.com/FanBongda24h.vn,1000000.0,"Bongda24h.vn - c·∫≠p nh·∫≠t tin B√≥ng ƒê√° 24h, k·∫øt qu·∫£ t·ª∑ s·ªë tr·∫≠n ƒë·∫•u, nh·ªØng b√†n th·∫Øng ƒë·∫πp m·∫Øt, b√¨nh lu·∫≠n t"
25,https://www.facebook.com/anhdadenchuanmen,3700000.0,Li√™n H·ªá Qu·∫£ng C√°o : Email: quangcaoadd191@gmail.com
26,https://www.facebook.com/bongdas7,260000.0,"T·ªï ch·ª©c, t∆∞ v·∫•n, h·ªó tr·ª£ c√°c gi·∫£i b√≥ng ƒë√°. D·ªãch v·ª• Livestream c√°c tr·∫≠n ƒë·∫•u b√≥ng ƒë√°, c√°c gi·∫£i th·ªÉ thao "
27,https://www.facebook.com/leboong95,744000.0,‚ÄúC·ª•c nƒÉng l∆∞·ª£ng t√≠ch c·ª±c‚Äù TOP 10 MISS FITNESS VIETNAM üì©lebongofficial@gmail.com 094.848.2899 (Nhi)
28,https://www.facebook.com/officialbinz,3300000.0,Fanpage ch√≠nh th·ª©c c·ªßa Binz
0,https://www.facebook.com/daihocfpt,317000.0,Trang th√¥ng tin tuy·ªÉn sinh ch√≠nh th·ª©c c·ªßa Tr∆∞·ªùng ƒê·∫°i h·ªçc FPT
1,https://www.facebook.com/vutruduatin,1400000.0,Li√™n h·ªá qu·∫£ng c√°o : namnganduong@gmail.com Ho·∫∑c Zalo/Sdt : 0869921407
2,https://www.facebook.com/uob.vn,2500000.0,"Lu√¥n b√™n c·∫°nh m·ªói th·∫ø h·ªá, UOB chia s·∫ª nh·ªØng c√¢u chuy·ªán, c·∫£m h·ª©ng v√† th√¥ng tin t√†i ch√≠nh."
3,https://www.facebook.com/VTVMoney,1600000.0,Nh·ªØng th√¥ng tin kinh t·∫ø c·∫≠p nh·∫≠t nh·∫•t c·ªßa Vi·ªát Nam v√† Th·∫ø gi·ªõi. Chia s·∫ª c∆° h·ªôi - Gi√∫p b·∫°n ki·∫øm ti·ªÅn.
4,https://www.facebook.com/vietnamnet.vn,2300000.0,"C·∫≠p nh·∫≠t tin t·ª©c ch√≠nh tr·ªã, th·ªùi s·ª±, ƒë·ªùi s·ªëng, d√¢n sinh ch√≠nh th·ªëng, ƒëa d·∫°ng, phong ph√∫."
0,https://www.facebook.com/TinhHoaRapViet,2000000.0,"Rap Vi·ªát Underground l√† k√™nh chuy√™n v·ªÅ c√°c th·ªÉ lo·∫°i rap, v·ªõi nh·ªØng rapper t√™n tu·ªïi c·ªßa m·∫£nh ƒë·∫•t ng·∫ßm "
1,https://www.facebook.com/TrollRapViet,415000.0,H·ªó tr·ª£ t·∫•t c·∫£ m·ªçi th·ª© li√™n quan ƒë·∫øn rap Vi·ªát 
2,https://www.facebook.com/RapVNofficial,1900000.0,C·ªông ƒë·ªìng nh·ªØng y√™u nh·∫°c rap/hiphop Vi·ªát trong gi·ªõi underground v√† overground
3,https://www.facebook.com/rapviet.dao,253000.0,"Rap Vi·ªát - Kh√¥ng ch·ªâ l√† √¢m nh·∫°c, ƒë√¢y l√† vƒÉn h√≥a v√† c·ªông ƒë·ªìng! "
4,https://www.facebook.com/RapFrancaisActu,1000000.0,"Toute l'actu du Rap Fran√ßais ! Les meilleurs Exclus, Lives, Freestyles, Clips, Sons c'est par ici, e"
5,https://www.facebook.com/RapViet.VieChannel,1200000.0,RAP VI·ªÜT- TV SHOW ƒë∆∞·ª£c ch·ªù ƒë√≥n nh·∫•t 2023. H√£y c√πng ch√†o ƒë√≥n th·∫ø h·ªá m·ªõi c·ªßa Rap Vi·ªát
6,https://www.facebook.com/theraptv,211000.0,The #1 Hip Hop Community in the world‚ÄºÔ∏è Email sales@raptv.com for Promotion
7,https://www.facebook.com/page.rapzone,578000.0,K√™nh nh·∫°c Rap d√†nh cho gi·ªõi tr·∫ª!
8,https://www.facebook.com/rapxiec4.0,838000.0,"R·∫°p xi·∫øc l√† n∆°i mang l·∫°i ti·∫øng c∆∞·ªùi cho m·ªçi nh√†, cho m·ªçi GenZ Vi·ªát :))) "
9,https://www.facebook.com/PlaneteRapSkyrock,818000.0,"Plan√®te Rap, chaque soir juste avant 20h sur Skyrock. L'√©mission Rap R'N'B de r√©f√©rence!"
10,https://www.facebook.com/RapGameLifetime,904000.0,"Official The Rap Game page. The next big rap star is about to be unleashed. On ""The Rap Game,"" five e"
11,https://www.facebook.com/nhacrapviet.no1,1800000.0,"T·ªïng H·ª£p Nh·∫°c Rap Love, Rap T√¢m Tr·∫°ng H√†ng ƒê·∫ßu Vi·ªát Nam"
12,https://www.facebook.com/rapmusic.page,830000.0,Li√™n h·ªá h·ª£p t√°c truy·ªÅn th√¥ng: Email: booking@mood.asia Phone: 090 934 01 41
13,https://www.facebook.com/profile.php?id=100057401741637,223000.0,Rap nh√† l√†m
14,https://www.facebook.com/SKM.oneRAP,272000.0,One Rap - C·ªïng th√¥ng tin nh·∫°c Rap h√†ng ƒë·∫ßu d√†nh ri√™ng cho gi·ªõi tr·∫ª 
15,https://www.facebook.com/rapphimx,685000.0,G√≥c nh·ªè cho nh·ªØng ng∆∞·ªùi y√™u th√≠ch phim ·∫£nh.
16,https://www.facebook.com/beckstage.urf,108000.0,"Beck'Stage - Unexpected Rap Fest, ng√†y h·ªôi d√†nh cho nh·ªØng ng∆∞·ªùi y√™u nh·∫°c Rap, Hip Hop t·∫°i Vi·ªát Nam v·ªõ"
17,https://www.facebook.com/ThongRapChieuBong,237000.0,Filmmaker in Saigon
18,https://www.facebook.com/RapInDaLAB,680000.0,"4 ng∆∞·ªùi l√†m √¢m nh·∫°c, th√¢m ni√™n 15 nƒÉm trong ngh·ªÅ"
20,https://www.facebook.com/hadesrapviet,144000.0,https://hyperfollow.com/hadesrapviet Email: hadesrv29@gmail.com
22,https://www.facebook.com/RAPSTAR.ASIA,507000.0,C·ªông ƒë·ªìng ng∆∞·ªùi Vi·ªát ƒëam m√™ nh·∫°c rap H·ªôi Feel Rapper - Fanpage Tr·ª±c thu·ªôc h·ªá th·ªëng DAWN Media
23,https://www.facebook.com/denvau,5200000.0,M·ªôt ng∆∞·ªùi Vi·ªát ch∆°i nh·∫°c Rap/A Vietnamese boy who plays Rap. https://DenVau.lnk.to/ThisisDen 
33,https://www.facebook.com/pages/R%E1%BA%A1p-Chi%E1%BA%BFu-Phim-Qu%E1%BB%91c-Gia-H%C3%A0-N%E1%BB%99i/456799937684547,166000.0,
34,https://www.facebook.com/pages/R%E1%BA%A1p-chi%E1%BA%BFu-phim-Mipec-Long-Bi%C3%AAn/1880698062200848,166000.0,
35,https://www.facebook.com/pages/R%E1%BA%A1p-chi%E1%BA%BFu-BHD-Vincom-Ph%E1%BA%A1m-Ng%E1%BB%8Dc-Th%E1%BA%A1ch/1847030778872818,141000.0,
0,https://www.facebook.com/pagenaychiconhac,1700000.0,‚ñ∫Li√™n h·ªá: booking@molinetwork.com - 0909811146
1,https://www.facebook.com/motngaymotbannhac,3100000.0,Mot Ngay Mot Ban Nhac - Trang thu·ªôc h·ªá th·ªëng social ACV Entertainment
2,https://www.facebook.com/nhaccuatrang,235000.0,"ƒê·∫∑t mua EP ""Thu·∫≠t Nh·ªØng Chuy·ªán Ch∆∞a T·ª´ng"": https://forms.gle/neZet53i9Nxjwe6a8"
3,https://www.facebook.com/nhungbannhacnghelanghien,2700000.0,Li√™n h·ªá c√¥ng vi·ªác | info@chillwith.me
4,https://www.facebook.com/NhacCuaTuiOfficial,6800000.0,NhacCuaTui.com - Nghe Nh·∫°c M·ªçi L√∫c M·ªçi N∆°i 
5,https://www.facebook.com/TramNhacHay,983000.0,M·ªçi chi ti·∫øt v·ªÅ v·∫•n ƒë·ªÅ b·∫£n quy·ªÅn ho·∫∑c h·ª£p t√°c qu·∫£ng c√°o xin vui l√≤ng li√™n h·ªá Zalo: 0336797345 ho·∫∑c Gm
6,https://www.facebook.com/tramphatnhaccu.official,1700000.0,Tr·∫°m Ph√°t Nh·∫°c C≈© truy·ªÅn th√¥ng tin t·ª©c v√† √¢m nh·∫°c Li√™n h·ªá ch√∫ng t√¥i : Tramphatnhaccu@gmail.com
7,https://www.facebook.com/TramPhatNhac01,638000.0,M·ªçi chi ti·∫øt v·ªÅ v·∫•n ƒë·ªÅ b·∫£n quy·ªÅn ho·∫∑c h·ª£p t√°c qu·∫£ng c√°o xin vui l√≤ng li√™n h·ªá Zalo: 0336797345 ho·∫∑c Gm
8,https://www.facebook.com/Nhacchillphet,2400000.0, contact@trumagency.com
9,https://www.facebook.com/Nhacchillmusic.vpr,335000.0,Nh·∫≠n Qu·∫£ng C√°o + Pr S·∫£n Ph·∫©m Li√™n H·ªá : Telegram: @Pinkk48 Zalo: 0339658674
10,https://www.facebook.com/NhacCoverHayNhat,1900000.0,Tuy·ªÉn ch·ªçn nh·ªØng b·∫£n nh·∫°c cover hay nh·∫•t...
11,https://www.facebook.com/toiyeuamnhac.sound,751000.0,Li√™n h·ªá booking: 093.114.0.488 (Ms. Thanh Ng·ªçc) Mail: Music@yeah1.vn 
12,https://www.facebook.com/nhungbannhaclofichill,1500000.0,Ng∆∞·ªùi vi·∫øt c·∫£m x√∫c qua √¢m nh·∫°c. üéº 
13,https://www.facebook.com/maiamnhac97,769000.0,
14,https://www.facebook.com/MoiNgayMotBaiHatHay,1000000.0,√Çm Nh·∫°c D·∫´n L·ªëi C·∫£m X√∫c Trong Ta 
15,https://www.facebook.com/RapVNofficial,1900000.0,C·ªông ƒë·ªìng nh·ªØng y√™u nh·∫°c rap/hiphop Vi·ªát trong gi·ªõi underground v√† overground
16,https://www.facebook.com/bannhacnaychillphet,665000.0,"T√†i tr·ª£, h·ª£p t√°c, qu·∫£ng c√°o xin li√™n h·ªá Zalo 0707894900"
17,https://www.facebook.com/nhacdjvn.page,596000.0,H√£y Phi√™u Theo Phong C√°ch C·ªßa B·∫°n
18,https://www.facebook.com/nhacbuonnhat,136000.0,N∆°i t·ªïng h·ª£p nh·ªØng b√†i h√°t t√¢m tr·∫°ng. C√πng nghe nh√© :* Nh·∫≠n l√†m lyrics theo y√™u c?
19,https://www.facebook.com/nhacvanghaingoai.bh,2000000.0,Trang √¢m nh·∫°c thu·ªôc quy·ªÅn s·ªü h·ªØu c·ªßa BH Media Li√™n h·ªá: - Hotline: 0916.880.116 - Email: contact.faceb
20,https://www.facebook.com/gocnhaclofichill,185000.0,·ªû ƒë√¢y c√≥ nh·∫°c lofi chill hay nh·∫•t !
21,https://www.facebook.com/PhanYLinhBolero,464000.0,
22,https://www.facebook.com/Radioamnhac.ms,245000.0,"T√†i tr·ª£, h·ª£p t√°c, qu·∫£ng c√°o xin li√™n h·ªá Zalo 0707894900"
23,https://www.facebook.com/Nhachay.me,2100000.0,
24,https://www.facebook.com/Kenhnhacsan.page,724000.0,Fanpage √Çm Nh·∫°c Gi·∫£i Tr√≠ Hay Nh·∫•t Vi·ªát Nam
25,https://www.facebook.com/NhacHoangNam.Page,1200000.0,N∆°i c·∫£m x√∫c thƒÉng hoa ‚òò
26,https://www.facebook.com/tramnhac01,865000.0,M·ªçi chi ti·∫øt v·ªÅ v·∫•n ƒë·ªÅ b·∫£n quy·ªÅn ho·∫∑c h·ª£p t√°c qu·∫£ng c√°o xin vui l√≤ng li√™n h·ªá Zalo: 0336797345 ho·∫∑c Gm
27,https://www.facebook.com/HANOI360NEWS,201000.0,Li√™n h·ªá Qu·∫£ng c√°o l√™n chu·ªói Gr v√† Page l·ªõn: 0963322633
28,https://www.facebook.com/Gocnhacchill.page,461000.0,G√≥c Nh·∫°c Chill - Trang thu·ªôc h·ªá th·ªëng social DAWN Media
29,https://www.facebook.com/pagenayconhacchillvl,475000.0,ƒê√†i Ph√°t Thanh 
30,https://www.facebook.com/NhacRemix99,887000.0,N∆°i k·∫øt n·ªëi nh·ªØng ng∆∞·ªùi y√™u th√≠ch Nh·∫°c Remix. L√† n∆°i giao l∆∞u √¢m nh·∫°c c·ªßa t·∫•t c·∫£ m·ªçi ng∆∞·ªùi
31,https://www.facebook.com/NhacChillNheNhang,277000.0,H√£y ƒê·ªÉ √Çm Nh·∫°c D·∫´n L·ªëi C·∫£m X√∫c Trong Ta..
32,https://www.facebook.com/pnlpdcnttan,2600000.0,Trang truy·ªÅn th√¥ng √¢m nh·∫°c
0,https://www.facebook.com/tintucvtv24,6900000.0,VTV24 thu·ªôc Trung t√¢m S·∫£n xu·∫•t v√† Ph√°t tri·ªÉn n·ªôi dung s·ªë (VTV Digital).
1,https://www.facebook.com/thoisuvtv,5600000.0,"Ban Th·ªùi s·ª± - ƒê√†i Truy·ªÅn h√¨nh Vi·ªát Nam ƒê·ªãa ch·ªâ: 43 Nguy·ªÖn Ch√≠ Thanh, Ba ƒê√¨nh, H√† N·ªôi"
2,https://www.facebook.com/baodientuvtv,1500000.0,Ch√≠nh th·ªëng - Tin c·∫≠y - H·ªØu √≠ch B√°o ƒëi·ªán t·ª≠ VTV News (VTV.vn) l√† k√™nh cung c·∫•p th√¥ng tin nhanh v√† ch√≠
3,https://www.facebook.com/cafesangvoivtv3,2000000.0,Page ch√≠nh th·ª©c c·ªßa ch∆∞∆°ng tr√¨nh C√† ph√™ s√°ng v·ªõi VTV3. Ph√°t s√≥ng 6h30 h√†ng ng√†y tr√™n k√™nh VTV3. 
4,https://www.facebook.com/VTVtoiyeu,3700000.0,"VTV tr√¢n tr·ªçng m·ªçi √Ω ki·∫øn g√≥p √Ω, ph√™ b√¨nh. N·∫øu th·∫•y h·ªØu √≠ch, h√£y chia s·∫ª ƒë·ªÉ m·ªçi ng∆∞·ªùi c√πng b√†n lu·∫≠n, "
5,https://www.facebook.com/vtvgiaitri,12000000.0,Chuy√™n trang c√°c ch∆∞∆°ng tr√¨nh gi·∫£i tr√≠ v√† phim truy·ªÅn h√¨nh Vi·ªát Nam do VTV s·∫£n xu·∫•t
6,https://www.facebook.com/vtvgovietnam,3300000.0,"B·∫°n h√£y LIKE page VTVgo ƒë·ªÉ ch√∫ng t√¥i c·∫≠p nh·∫≠t li√™n t·ª•c cho B·∫°n nh·ªØng video tin t·ª©c nhanh nh·∫•t, n√≥ng n"
7,https://www.facebook.com/giaitrivtv3,4700000.0,Trang th√¥ng tin vƒÉn h√≥a gi·∫£i tr√≠ c·ªßa Ban S·∫£n xu·∫•t C√°c Ch∆∞∆°ng Tr√¨nh Gi·∫£i Tr√≠ (VTV3) - ƒê√†i Truy·ªÅn h√¨nh 
8,https://www.facebook.com/24hvtvnews,562000.0,C·∫≠p nh·∫≠t nhanh nh·∫•t tin t·ª©c s·ª± ki·ªán n·ªïi b·∫≠t trong ng√†y!
9,https://www.facebook.com/vtvchatluongcuocsong,2200000.0,K√™nh th√¥ng tin n√¢ng cao ch·∫•t l∆∞·ª£ng cu·ªôc s·ªëng c·ªßa b·∫°n!
10,https://www.facebook.com/VTVMoney,1600000.0,Nh·ªØng th√¥ng tin kinh t·∫ø c·∫≠p nh·∫≠t nh·∫•t c·ªßa Vi·ªát Nam v√† Th·∫ø gi·ªõi. Chia s·∫ª c∆° h·ªôi - Gi√∫p b·∫°n ki·∫øm ti·ªÅn.
11,https://www.facebook.com/vtvthoitiet,1100000.0,Fanpage ch√≠nh th·ª©c c·ªßa Trung T√¢m Truy·ªÅn H√¨nh Th·ªùi Ti·∫øt v√† C·∫£nh B√°o Thi√™n Tai ‚Äì ƒê√†i Truy·ªÅn H√¨nh Vi·ªát N
12,https://www.facebook.com/vtv7.tv,1000000.0,Fanpage ch√≠nh th·ª©c c·ªßa K√™nh Truy·ªÅn h√¨nh Gi√°o d·ª•c Qu·ªëc gia VTV7. 
13,https://www.facebook.com/KenhVTV6,319000.0,
14,https://www.facebook.com/antuongvtv,159000.0,Gi·∫£i th∆∞·ªüng t√¥n vinh nh·ªØng s·∫£n ph·∫©m truy·ªÅn h√¨nh g√¢y ·∫•n t∆∞·ª£ng v·ªõi kh√°n gi·∫£ 
15,https://www.facebook.com/gameshowVTV,1100000.0,"Trang t·ªïng h·ª£p gi·ªõi thi·ªáu t·∫•t c·∫£ c√°c gameshow hot nh·∫•t ph√°t s√≥ng tr√™n VTV, do Trung t√¢m Qu·∫£ng c√°o v√† "
16,https://www.facebook.com/banvannghevtv,193000.0,Trang th√¥ng tin ch√≠nh th·ª©c c·ªßa Ban vƒÉn ngh·ªá - ƒê√†i truy·ªÅn h√¨nh Vi·ªát Nam. N∆°i xu·∫•t 
17,https://www.facebook.com/vitamvocvietVTV,336000.0,Fanpage ch√≠nh th·ª©c c·ªßa ch∆∞∆°ng tr√¨nh V√¨ t·∫ßm v√≥c Vi·ªát ph√°t s√≥ng l√∫c 20h05 h√†ng ng√†y tr√™n VTV1 - N∆°i cun
18,https://www.facebook.com/vtv4go,518000.0,Trang c·ªßa K√™nh Truy·ªÅn h√¨nh ƒë·ªëi ngo·∫°i VTV4 tr√™n m·∫°ng x√£ h·ªôi Facebook
19,https://www.facebook.com/vtv7kids,966000.0,Fanpage ch√≠nh th·ª©c c·ªßa K√™nh Truy·ªÅn h√¨nh Gi√°o d·ª•c Qu·ªëc gia VTV7. VTV7 KIDS mang ƒë·∫øn c√°c ch∆∞∆°ng tr√¨nh
20,https://www.facebook.com/vtvgujarati,2600000.0,VTVGujarati is a digital publication; an intersection of news & entertainment as new-age content
21,https://www.facebook.com/vtvlife,374000.0,Ch·∫•t l∆∞·ª£ng cu·ªôc s·ªëng
22,https://www.facebook.com/vtv24caplayeuthuong,132000.0,Trang ch√≠nh th·ª©c c·ªßa d·ª± √°n thi·ªán nguy·ªán C·∫∑p l√° y√™u th∆∞∆°ng
23,https://www.facebook.com/banthethaovtv,296000.0,Fanpage ch√≠nh th·ª©c c·ªßa Ban Th·ªÉ thao - ƒê√†i Truy·ªÅn h√¨nh Vi·ªát Nam 
24,https://www.facebook.com/VTVmoneyshopping,101000.0,"Trang th√¥ng tin v·ªÅ mua s·∫Øm, ti√™u d√πng th√¥ng th√°i c·ªßa VTVMoney."
25,https://www.facebook.com/ZlifeVuiVe,1400000.0,Zlife - Ch∆∞∆°ng tr√¨nh d√†nh ri√™ng cho th·∫ø h·ªá Z Thu·ªôc VTV Digital - ƒê√†i THVN Email: sanxuatsovtv24@gmail
26,https://www.facebook.com/pages/VTV-International-VTV4/294180017370001,1100000.0,
27,https://www.facebook.com/pages/Vtv-Trung-T%C3%A2m-My%CC%83-Thu%C3%A2%CC%A3t-%C4%90a%CC%80i-Truy%C3%AA%CC%80n-Hi%CC%80nh-Vi%C3%AA%CC%A3t-Nam-44/572474706250054,1100000.0,
28,https://www.facebook.com/pages/VTV1-V%C3%AC-t%E1%BA%A7m-V%C3%B3c-Vi%E1%BB%87t/950835625089234,814000.0,
29,https://www.facebook.com/pages/VTV-News/267138020093430,1100000.0,
30,https://www.facebook.com/pages/VTV/310940412316115,1100000.0,
31,https://www.facebook.com/pages/VTV-Online/553001488103385,1100000.0,
32,https://www.facebook.com/pages/Vtv-Cab/1444372842457465,1100000.0,
33,https://www.facebook.com/VTVcab.Tintuc,961000.0,K√™nh Fanpage tin t·ª©c ch√≠nh th·ª©c c·ªßa VTV Cab C·∫≠p nh·∫≠t nh·ªØng tin th·ªùi s·ª± trong v√† ngo√†i n∆∞·ªõc
0,https://www.facebook.com/baodientuvtv,1500000.0,Ch√≠nh th·ªëng - Tin c·∫≠y - H·ªØu √≠ch B√°o ƒëi·ªán t·ª≠ VTV News (VTV.vn) l√† k√™nh cung c·∫•p th√¥ng tin nhanh v√† ch√≠
1,https://www.facebook.com/thanhnien,2200000.0,"Fanpage B√°o Thanh Ni√™n. Tin t·ª©c online, tin nhanh 24h. ƒê·ªçc b√°o tin n√≥ng Vi·ªát Nam, th·∫ø gi·ªõi, tin th·ªùi "
2,https://www.facebook.com/baomoi,2200000.0,Fanpage ch√≠nh th·ª©c c·ªßa B√ÅO M·ªöI - http://baomoi.com - Trang tin t·ª©c t·ªïng h·ª£p t·ª± ƒë·ªông h√†ng ƒë·∫ßu Vi·ªát Nam
3,https://www.facebook.com/nhandandientutiengviet,262000.0,"B√°o Nh√¢n D√¢n, C∆° quan Trung ∆∞∆°ng c·ªßa ƒê·∫£ng C·ªông s·∫£n Vi·ªát Nam-Ti·∫øng n√≥i c·ªßa ƒê·∫£ng, Nh√† n∆∞·ªõc v√† Nh√¢n d√¢n"
4,https://www.facebook.com/doisongphapluatonline,1100000.0,K√™nh th√¥ng tin - c·∫≠p nh·∫≠t tin t·ª©c b√°o ch√≠ m·ªõi nh·∫•t h√†ng ng√†y.
5,https://www.facebook.com/vtcnewsvn,1600000.0,VTC News - H∆°i th·ªü cu·ªôc s·ªëng 
6,https://www.facebook.com/tinnhanhchungkhoan,166000.0,B√°o Ch·ª©ng kho√°n ƒë·∫ßu ti√™n t·∫°i Vi·ªát Nam
7,https://www.facebook.com/laodongonline,467000.0,"C∆° quan c·ªßa T·ªïng Li√™n ƒëo√†n Lao ƒë·ªông Vi·ªát Nam. Ti·∫øng n√≥i c·ªßa c√¥ng nh√¢n, vi√™n ch·ª©c v√† ng∆∞·ªùi Lao ƒê·ªông "
8,https://www.facebook.com/baodientuvov.vn,434000.0,"B√°o ƒêi·ªán t·ª≠ VOV - ƒê√†i Ti·∫øng n√≥i Vi·ªát Nam ƒê·ªãa ch·ªâ: 37 B√† Tri·ªáu - Ho√†n Ki·∫øm, H√† N·ªôi | Email"
9,https://www.facebook.com/MissLeNguyenBaoNgoc,184000.0,üëë HOA H·∫¨U LI√äN L·ª§C ƒê·ªäA 2022 üáªüá≥ ‚Ä¢ Ng∆∞·ªùi ƒê·∫πp Th·ªùi Trang - Nh√¢n √Åi - √Å h·∫≠u 1 Miss World Vietnam 2022
10,https://www.facebook.com/bao.infonet.vn,106000.0,Infonet
11,https://www.facebook.com/duonglamshowbiz,4700000.0,Fanpage ch√≠nh th·ª©c c·ªßa L√™ D∆∞∆°ng B·∫£o L√¢m. Booking: duonglam.nombooking@gmail.com 0772223382 (Qu·ª≥nh)
12,https://www.facebook.com/kienthuc.net.vn.fan,125000.0,Fanpage ch√≠nh th·ª©c c·ªßa B√°o ƒëi·ªán t·ª≠ Ki·∫øn Th·ª©c. Tin t·ª©c v√† ki·∫øn th·ª©c b·ªï √≠ch ƒë∆∞·ª£c c·∫≠p nh·∫≠t t·ª´ng gi√¢y...
13,https://www.facebook.com/ajc.edu.vn,160000.0,K√™nh th√¥ng tin ch√≠nh th·ª©c c·ªßa H·ªçc vi·ªán B√°o ch√≠ v√† Tuy√™n truy·ªÅn
14,https://www.facebook.com/giaothongonline,186000.0,"Tin t·ª©c trong ng√†y, tin giao th√¥ng, ATGT, tai n·∫°n giao th√¥ng, Lu·∫≠t giao th√¥ng, th√¥ng tin "
15,https://www.facebook.com/baothethaovanhoa,239000.0,"Trang Facebook ch√≠nh th·ª©c c·ªßa b√°o Th·ªÉ thao v√† VƒÉn h√≥a, TTXVN, ƒë·ªãa ch·ªâ: http://thethaovanhoa.vn."
16,https://www.facebook.com/phunuonline.com.vn,107000.0,"Fanpage k·∫øt n·ªëi ƒë·ªôc gi·∫£ c·ªßa B√°o Ph·ª• N·ªØ TP.HCM. C·∫≠p nh·∫≠t nhanh ch√≥ng, ch√≠nh x√°c tin t·ª©c m·ªõi nh·∫•t v·ªÅ t√¨"
17,https://www.facebook.com/baoquandoinhandan,296000.0,Fanpage ch√≠nh th·ª©c c·ªßa B√°o Qu√¢n ƒë·ªôi nh√¢n d√¢n - C∆° quan c·ªßa Qu√¢n ·ªßy Trung ∆∞∆°ng v√† B·ªô Qu·ªëc ph√≤ng
18,https://www.facebook.com/baosuckhoevadoisong,190000.0,ƒê√¢y l√† fanpage ch√≠nh th·ª©c v√† duy nh·∫•t c·ªßa B√°o S·ª©c kh·ªèe v√† ƒê·ªùi s·ªëng - C∆° quan Ng√¥n lu·∫≠n c·ªßa B·ªô Y t·∫ø.
19,https://www.facebook.com/Truyenhinh.BaoTuoiTre,755000.0,Fanpage ch√≠nh th·ª©c v√† duy nh·∫•t c·ªßa Media - Truy·ªÅn h√¨nh B√°o Tu·ªïi Tr·∫ª. Li√™n t·ª•c c·∫≠p nh·∫≠t th√¥ng tin n√≥ng
20,https://www.facebook.com/nguoilaodong,394000.0,"ƒê·∫øn v·ªõi Fanpage c·ªßa B√°o Ng∆∞·ªùi Lao ƒê·ªông ƒë·ªÉ ƒë∆∞·ª£c c·∫≠p nh·∫≠t nh·ªØng tin t·ª©c n√≥ng h·ªïi c≈©ng nh∆∞ th·∫£o lu·∫≠n, ch"
21,https://www.facebook.com/congdongvnexpress,4200000.0,B√°o ti·∫øng Vi·ªát nhi·ªÅu ng∆∞·ªùi xem nh·∫•t.
22,https://www.facebook.com/Thieubaotram,1900000.0,THIEU BAO TRAM DOB : 20/9/1994 Nationality : Viet Nam Height : 1m67 Weight : 50kg Work : Singer / 
23,https://www.facebook.com/hanphaam,770000.0,Page ch√≠nh th·ª©c c·ªßa B·∫£o H√¢n ü§é üì© Contact for work: hanpham.dv@gmail.com
24,https://www.facebook.com/lby250,196000.0,"hi, welcome to my facebook ÔøΩ https://www.instagram.com/Lby520_Bonnie/"
25,https://www.facebook.com/anhrangthua,886000.0,Ki·∫øm nhi·ªÅu ti·ªÅn l√†m nhi·ªÅu ƒëi·ªÅu T·ª≠ T·∫ø
26,https://www.facebook.com/paohongchinhdep,893000.0,H√£y l√† m·ªôt em B√°o m·∫°nh m√© v√† chinh ƒë·∫πp nhaaaaa!
27,https://www.facebook.com/ChuHoaiBao300510,907000.0,For work: baohungannam@gmail.com
28,https://www.facebook.com/baochungfc,387000.0,
29,https://www.facebook.com/thacbaongocsinger,489000.0,Fanpage ch√≠nh th·ª©c c·ªßa Nguy·ªÖn Th·∫°c B·∫£o Ng·ªçc !
30,https://www.facebook.com/docbao.thayban.fi,1600000.0,"FanPage ƒëi ƒë·∫ßu trong vi·ªác c·∫≠p nh·∫≠t nh·ªØng th√¥ng tin th√∫ v·ªã, nh·ªØng xu h∆∞·ªõng m·ªõi hi·ªán nay tr√™n Th·∫ø gi·ªõi "
31,https://www.facebook.com/baobinhaquariusheart,168000.0,"Ch√∫ng ta g·∫∑p nhau ·ªü ƒë√¢y l√† duy√™n l√† n·ª£. V√¨ Tr√°i ƒê·∫•t tr√≤n, ƒëi m·ªçi n·∫ªo ƒë∆∞·ªùn"
32,https://www.facebook.com/baobongda.official,224000.0,Li√™n h·ªá qu·∫£ng c√°o: Telegram: https://t.me/adsfutbol
33,https://www.facebook.com/BaoChanGaming,149000.0,"Ng∆∞·ªùi ƒëang stream l√† Bao Ch·∫©n, kh√¥ng c√≥ b·∫•t k√¨ m·ªëi li√™n h·ªá n√†o ƒë·∫øn B Ray. T√¥i"
34,https://www.facebook.com/profile.php?id=100092382676178,108000.0,"Hi·ªÉu r·ªìi ƒë√≥, B·∫£o Ly ƒë√¢y! "
35,https://www.facebook.com/chaubui.official,2200000.0,"Where a girl shares her journey to fashion, with the hope of bringing positive lifestyle inspiration."
36,https://www.facebook.com/baodantridientu,856000.0,"B√°o ƒëi·ªán t·ª≠ D√¢n tr√≠ - Th√¥ng tin ƒë√°ng tin c·∫≠y s·ªë 1 Vi·ªát Nam m·ªçi l√∫c, m·ªçi n∆°i t·ªõi m·ªçi ng∆∞·ªùi, m·ªçi nh√†."
37,https://www.facebook.com/mshoatoeic,1500000.0,Ms Hoa TOEIC l√† trung t√¢m ƒë√†o t·∫°o TOEIC h√†ng ƒë·∫ßu Vi·ªát Nam v·ªõi nhi·ªÅu h·ªçc vi√™n ƒëi·ªÉm cao ƒë∆∞·ª£c vinh danh 
0,https://www.facebook.com/thoisuvtv,5600000.0,"Ban Th·ªùi s·ª± - ƒê√†i Truy·ªÅn h√¨nh Vi·ªát Nam ƒê·ªãa ch·ªâ: 43 Nguy·ªÖn Ch√≠ Thanh, Ba ƒê√¨nh, H√† N·ªôi"
1,https://www.facebook.com/thoisu24h.news,170000.0,Tin t·ª©c th·ªùi s·ª± c·∫≠p nh·∫≠t li√™n t·ª•c trong ng√†y
2,https://www.facebook.com/ThoisuHanoiTV,236000.0,Trang th√¥ng tin ch√≠nh th·ª©c c·ªßa Ban Th·ªùi s·ª± ƒê√†i PT&TH H√† N·ªôi. Email: Banthoisu.htv@gmail.com K√™nh: H1
3,https://www.facebook.com/HoaiAnhVTV,185000.0,Trang ch√≠nh th·ª©c c·ªßa Ho√†i Anh - Bi√™n t·∫≠p vi√™n ƒê√†i truy·ªÅn h√¨nh Vi·ªát Nam. 
4,https://www.facebook.com/thoitietHN,771000.0,Th√¥ng tin h√†ng ng√†y cho ng∆∞·ªùi H√† N·ªôi v√† c√°c t·ªânh l√¢n c·∫≠n
5,https://www.facebook.com/chipunguyenthuychi.fan,398000.0,Fanpage h·ªôi Chi Pu. Chuy√™n cung c·∫•p th√¥ng tin h√¨nh ·∫£nh Chi Pu. K√™nh truy·ªÅn th√¥ng t·ª´ Chi Pu ƒë·∫øn t·∫•t c·∫£
6,https://www.facebook.com/vnews.gov.vn,606000.0,"Trang ch√≠nh th·ª©c c·ªßa k√™nh VNews - Truy·ªÅn h√¨nh Th√¥ng t·∫•n K√™nh th√¥ng tin th·ªùi s·ª± ch√≠nh lu·∫≠n, li√™n t·ª•c c"
7,https://www.facebook.com/24hvtvnews,562000.0,C·∫≠p nh·∫≠t nhanh nh·∫•t tin t·ª©c s·ª± ki·ªán n·ªïi b·∫≠t trong ng√†y!
8,https://www.facebook.com/pages/Th%E1%BB%9Di-S%E1%BB%B1-Hanoitv/2137804546497243,191000.0,
9,https://www.facebook.com/SaigonNewsBoadcasting,368000.0,24h n√≥ng g·ªüi ƒë·∫øn c·ªông ƒë·ªìng hai th√¥ng ƒëi·ªáp quan tr·ªçng: C·∫£nh b√°o nh·ªØng nguy c∆° v√† h√£y bi·∫øt tr√¢n tr·ªçng m
10,https://www.facebook.com/BBCnewsVietnamese,2800000.0,"ƒê√¢y l√† trang Facebook ch√≠nh th·ª©c c·ªßa BBC News Ti·∫øng Vi·ªát, n∆°i ƒë∆∞a tin t·ª©c k·ªãp th·ªùi, ƒëa chi·ªÅu."
11,https://www.facebook.com/BanCoQuanSu,142000.0,
12,https://www.facebook.com/antuongvtv,159000.0,Gi·∫£i th∆∞·ªüng t√¥n vinh nh·ªØng s·∫£n ph·∫©m truy·ªÅn h√¨nh g√¢y ·∫•n t∆∞·ª£ng v·ªõi kh√°n gi·∫£ 
13,https://www.facebook.com/suthat2018,109000.0,"K√™nh th√¥ng tin v·ªÅ c√°c v·∫•n ƒë·ªÅ th·ªùi s·ª±, kinh t·∫ø, ch√≠nh tr·ªã, x√£ h·ªôi."
14,https://www.facebook.com/thanhnien,2200000.0,"Fanpage B√°o Thanh Ni√™n. Tin t·ª©c online, tin nhanh 24h. ƒê·ªçc b√°o tin n√≥ng Vi·ªát Nam, th·∫ø gi·ªõi, tin th·ªùi "
15,https://www.facebook.com/VTVcab.Tintuc,961000.0,K√™nh Fanpage tin t·ª©c ch√≠nh th·ª©c c·ªßa VTV Cab C·∫≠p nh·∫≠t nh·ªØng tin th·ªùi s·ª± trong v√† ngo√†i n∆∞·ªõc
16,https://www.facebook.com/curnonwatch,244000.0,"Th∆∞∆°ng hi·ªáu ƒë·ªìng h·ªì th·ªùi trang ƒë·∫ßu ti√™n c·ªßa Vi·ªát Nam, ra ƒë·ªùi t·ª´ s·ª± kh√°t khao v√† ƒëam m√™ c·ªßa tu·ªïi tr·∫ª."
17,https://www.facebook.com/vietnamnet.vn,2300000.0,"C·∫≠p nh·∫≠t tin t·ª©c ch√≠nh tr·ªã, th·ªùi s·ª±, ƒë·ªùi s·ªëng, d√¢n sinh ch√≠nh th·ªëng, ƒëa d·∫°ng, phong ph√∫."
0,https://www.facebook.com/ktqdNEU,404000.0,Tr∆∞·ªùng ƒê·∫°i h·ªçc Kinh t·∫ø Qu·ªëc d√¢n ƒë∆∞·ª£c th√†nh l·∫≠p theo Ngh·ªã ƒë·ªãnh s·ªë 678-TTg ng√†y 25 th√°ng 1 nƒÉm 1956 v·ªõi
1,https://www.facebook.com/kinhte.kienthuc,1600000.0,"Ki·∫øn th·ª©c kinh t·∫ø, chuy·ªán kinh doanh, th∆∞∆°ng tr∆∞·ªùng Gr www.facebook.com/groups/vietnambusinessnews/ "
2,https://www.facebook.com/FaceDue,148000.0,Fanpage ch√≠nh th·ª©c c·ªßa Tr∆∞·ªùng ƒê·∫°i h·ªçc Kinh t·∫ø - ƒê·∫°i h·ªçc ƒê√† N·∫µng. Li√™n h·ªá: 02363 836169 
3,https://www.facebook.com/kinhtesaigon.vn,119000.0,"T·∫°p ch√≠ Kinh t·∫ø S√†i G√≤n - Tu·∫ßn b√°o uy t√≠n v·ªÅ kinh t·∫ø, ng√¢n h√†ng, kinh doanh, ƒë·ªãa ·ªëc t·∫°i Vi·ªát Nam t·∫°i "
4,https://www.facebook.com/pagecafekinhte,271000.0,Cafe Kinh T·∫ø - Trang th√¥ng tin cho d√¢n y√™u kinh t·∫ø
5,https://www.facebook.com/KinhTeHocGianDon1,116000.0,"D·ª± √°n d∆∞·ª£c l·∫≠p ra v·ªõi m·ª•c ti√™u cung c·∫•p c√°c ki·∫øn th·ª©c kinh t·∫ø m·ªôt c√°ch ƒë∆°n gi·∫£n, tr·ª±c quan v√† h√†i h∆∞·ªõ"
6,https://www.facebook.com/TintucVietnamBiz,112000.0,L√†m gi√†u kh√¥ng kh√≥
7,https://www.facebook.com/sinhvienkinhtevietnam,199000.0,Fanpage d√†nh cho sinh vi√™n ng√†nh Kinh t·∫ø v√† Qu·∫£n tr·ªã Kinh doanh t·∫°i Vi·ªát Nam.
8,https://www.facebook.com/cafekinhtepage,467000.0,"Tin t·ª©c, ki·∫øn th·ª©c ch√≠nh x√°c v·ªÅ kinh t·∫ø"
9,https://www.facebook.com/kienthuckinhdoanhpage,683000.0,"Chia s·∫ª ki·∫øn th·ª©c kinh doanh, l√†m gi√†u & kh·ªüi nghi·ªáp, qu·∫£n l√Ω, t√†i ch√≠nh qu·∫£n tr·ªã doanh nghi·ªáp, qu·∫£n"
10,https://www.facebook.com/kinhnghiemhay.vietnam,1100000.0,"C√πng chia s·∫ª c√¥ng th·ª©c n·∫•u ƒÉn, m·∫πo v·∫∑t trong nh√† gi√∫p cu·ªôc s·ªëng th√™m nh·∫π nh√†ng nh√©. Li√™n h·ªá qu·∫£ng c√°"
11,https://www.facebook.com/businessandrich,209000.0,"Cung c·∫•p ki·∫øn th·ª©c v√† th√¥ng tin c·∫≠p nh·∫≠t v·ªÅ ki·∫øn th·ª©c, chuy√™n m√¥n, k·ªπ nƒÉng l√†m Kinh Doanh. Ph√°t tri·ªÉn"
12,https://www.facebook.com/baotuoitre,2700000.0,"Th√¥ng tin ch√≠nh tr·ªã x√£ h·ªôi, ph√°p lu·∫≠t, kinh t·∫ø t√†i ch√≠nh, du l·ªãch, vƒÉn h√≥a gi·∫£i tr√≠ v√† nh·ªãp s·ªëng s·ªë.."
13,https://www.facebook.com/BachKinhXayvn,472000.0,B√°ch Kinh X√¢y l√† t√™n ng·∫Øn g·ªçn c·ªßa 3 tr∆∞·ªùng h√†ng x√≥m: B√°ch Khoa H√† N·ªôi - Kinh T·∫ø - X√¢y D·ª±ng
14,https://www.facebook.com/CafeF,1600000.0,K√™nh th√¥ng tin chuy√™n s√¢u v·ªÅ Kinh t·∫ø - T√†i ch√≠nh - Ch·ª©ng kho√°n - B·∫•t ƒë·ªông s·∫£n h√†ng ƒë·∫ßu Vi·ªát Nam
15,https://www.facebook.com/pages/Kinh-T%E1%BA%BF-Vietnamnet/303674183113943,2000000.0,
16,https://www.facebook.com/dhkinhdoanhvacongnghe,180000.0,Fanpage ch√≠nh th·ª©c Tr∆∞·ªùng ƒêH Kinh doanh v√† C√¥ng ngh·ªá H√† N·ªôi - Hanoi University of Business and Techno
17,https://www.facebook.com/VTVMoney,1600000.0,Nh·ªØng th√¥ng tin kinh t·∫ø c·∫≠p nh·∫≠t nh·∫•t c·ªßa Vi·ªát Nam v√† Th·∫ø gi·ªõi. Chia s·∫ª c∆° h·ªôi - Gi√∫p b·∫°n ki·∫øm ti·ªÅn.
0,https://www.facebook.com/Official.XeMayDienVinFast,176000.0,Fanpage ch√≠nh th·ª©c c·ªßa Xe m√°y ƒëi·ªán VinFast
1,https://www.facebook.com/Hoi.Choi.Xe.So.1.Vn,286000.0,"Chuy√™n trang t·ªïng h·ª£p tin t·ª©c, h√¨nh ·∫£nh, video, clip,...v·ªÅ xe."
2,https://www.facebook.com/XeBusCfs,333000.0,"Xe Bus Confessions l√† n∆°i cung c·∫•p tin t·ª©c, c·∫≠p nh·∫≠t m·ªõi nh·∫•t v·ªÅ bus. Gi√∫p c√°c b·∫°n t√¨m ƒë·ªì, t√¨m ng∆∞·ªùi."
3,https://www.facebook.com/Tapchisieuxe,447000.0,"·∫¢nh, Video, Tin T·ª©c chuy√™n bi·ªát v√† m·ªõi nh·∫•t v·ªÅ si√™u xe Vi·ªát Nam v√† n∆∞·ªõc ngo√†i. Like Fanpage ƒë·ªÉ theo d"
4,https://www.facebook.com/yeuxe,168000.0,Trang th√¥ng tin ƒëi·ªán t·ª≠ t·ªïng h·ª£p c·ªßa B√°o Tri th·ª©c v√† Cu·ªôc s·ªëng
0,https://www.facebook.com/SBTCEsportLol,211000.0,Fanpage ch√≠nh th·ª©c c·ªßa ƒë·ªôi tuy·ªÉn th·ªÉ thao ƒëi·ªán t·ª≠ chuy√™n nghi·ªáp b√¥Ã£ m√¥n Li√™n Minh Huy·ªÅn Tho·∫°i
1,https://www.facebook.com/esport.lm,198000.0,Li√™n h·ªá qu·∫£ng c√°o: Ads.loltv@gmail.com
